[
  {
    "question": "Everything You Want Know About Creating ?",
    "answer": "But must explain you how all this mistaken idea denouncing pleasure and praising pain was born and I will give you complete the system and expound the actual teachings of the great explorer",
    "active": false
  },
  {
    "question": "Frameworks Solve And Without Them ?",
    "answer": "But must explain you how all this mistaken idea denouncing pleasure and praising pain was born and I will give you complete the system and expound the actual teachings of the great explorer",
    "active": true
  },
  {
    "question": "Getting Started With CSS Cascade Layers ?",
    "answer": "But must explain you how all this mistaken idea denouncing pleasure and praising pain was born and I will give you complete the system and expound the actual teachings of the great explorer",
    "active": false
  },
  {
    "question": "Designing Better Links Websites Guideline ?",
    "answer": "But must explain you how all this mistaken idea denouncing pleasure and praising pain was born and I will give you complete the system and expound the actual teachings of the great explorer",
    "active": false
  }
]