[
  {
    "id": 1,
    "icon": "pe-7s-cloud-download",
    "title": "Download Apps",
    "details": "Sorem ipsum dolor sit amet consectetur adipiscing elit seddo eiusmod tempor incididunt"
  },
  {
    "id": 2,
    "icon": "pe-7s-user",
    "title": "Create Account",
    "details": "Sorem ipsum dolor sit amet consectetur adipiscing elit seddo eiusmod tempor incididunt"
  },
  {
    "id": 3,
    "icon": "pe-7s-phone",
    "title": "Got Results",
    "details": "Sorem ipsum dolor sit amet consectetur adipiscing elit seddo eiusmod tempor incididunt"
  }
]