[
  {
    "id": 1,
    "icon": "pe-7s-paint-bucket",
    "title": "Graphic Design",
    "content": "Tempore corrupti temporibus fuga earum asperiores fugit laudantium."
  },
  {
    "id": 2,
    "icon": "pe-7s-phone",
    "title": "Web & Mobile Design",
    "content": "Tempore corrupti temporibus fuga earum asperiores fugit."
  },
  {
    "id": 3,
    "icon": "pe-7s-display1",
    "title": "Social Media Marketing",
    "content": "Tempore corrupti temporibus fuga earum asperiores fugit."
  },
  {
    "id": 4,
    "icon": "pe-7s-diskette",
    "title": "Document Legal Policy",
    "content": "Tempore corrupti temporibus fuga earum asperiores fugit laudantium."
  }
]
