[
  {
    "id": 1,
    "title": { "first": "Midnight", "second": "Snack" },
    "image": "/img/portfolio/full/1.jpg",
    "sub": "Design"
  },
  {
    "id": 2,
    "title": { "first": "Fisherman", "second": "Portrait" },
    "image": "/img/portfolio/full/2.jpg",
    "sub": "Design"
  },
  {
    "id": 3,
    "title": { "first": "Tribos", "second": "Urbanas" },
    "image": "/img/portfolio/full/3.jpg",
    "sub": "Design"
  },
  {
    "id": 4,
    "title": { "first": "Monsoon", "second": "in the city" },
    "image": "/img/portfolio/full/4.jpg",
    "sub": "Design"
  }
]
