[
  {
    "id": 1,
    "title": "Original Solutions",
    "content": "If you need to redesign your new project, new visual strategy, ux structure or you do have some cool ideas for collaboration.",
    "image": "/img/slid/02.jpg"
  },
  {
    "id": 2,
    "title": "Digital Design Awards",
    "content": "If you need to redesign your new project, new visual strategy, ux structure or you do have some cool ideas for collaboration.",
    "image": "/img/slid/03.jpg"
  },
  {
    "id": 3,
    "title": "Business value through digital products",
    "content": "",
    "image": "/img/slid/01.jpg"
  }
]
